date,txVolume(USD),txCount,marketcap(USD),price(USD),generatedCoins,exchangeVolume(USD)
2015-08-10,1193012.00155,2037,4313e4,0.713989,27817.34375,405283
2015-08-11,1052027.18443,4963,42796500,0.708087,28027.8125,1463100
2015-08-12,792336.960964,2036,64018400,1.06,27370.9375,2150620
2015-08-13,2181181.70188,2842,73935400,1.22,28268.125,4068680
2015-08-14,4154762.83498,3174,109594e3,1.81,31106.71875,4637030
2015-08-15,8336306.79171,2284,10916e4,1.8,28512.65625,2554360
2015-08-16,2870429.34483,2440,102028e3,1.68,27094.53125,3550790
2015-08-17,3546724.77334,2512,95819700,1.58,28118.90625,1942830
2015-08-18,1889437.07633,2494,88143200,1.22,26162.8125,1485680
2015-08-19,1345014.08999,3246,84663900,1.17,27282.03125,1486240
2015-08-20,521681.195137,2303,90809e3,1.25,21057.03125,2843760
2015-08-21,868536.958506,3919,107266e3,1.48,26690.9375,2020970
2015-08-22,692395.557139,3579,101404e3,1.4,27550.46875,948310
2015-08-23,687012.256899,4190,99894500,1.38,26255.625,1589300
2015-08-24,624092.395422,4432,97791600,1.35,27333.28125,924920
2015-08-25,499939.970307,4487,89321900,1.23,26736.09375,1307180
2015-08-26,496509.001003,4156,82384400,1.13,26137.96875,1056750
2015-08-27,319146.960498,5590,85106100,1.17,24532.8125,686662
2015-08-28,345519.947941,4758,83521700,1.15,24225.15625,721872
2015-08-29,512229.616379,4139,86887600,1.19,22525,375377
2015-08-30,490782.177398,4572,86145900,1.18,21453.59375,1337650
2015-08-31,508000.974842,5196,96251e3,1.32,21293.4375,1447180
2015-09-01,1916769.11487,5153,98617200,1.35,20339.21875,778862
2015-09-02,374700.61176,5195,98504600,1.35,18391.09375,883769
2015-09-03,723821.352486,4777,94418700,1.3,17380.9375,702991
2015-09-04,222451.293434,5642,92234100,1.26,23081.875,474391
2015-09-05,214369.130266,5519,93402300,1.28,25629.0625,448453
2015-09-06,396954.237931,5521,97625500,1.34,26168.28125,491968
2015-09-07,263279.114635,5702,94585300,1.3,25460.46875,489014
2015-09-08,329609.254634,5622,91020700,1.25,25888.75,427892
2015-09-09,1420839.17268,5604,90518300,1.24,26431.40625,366748
2015-09-10,249264.32073,5341,88230500,1.21,26444.21875,662782
2015-09-11,842671.455546,6460,85144300,1.16,27238.59375,1942600
2015-09-12,214953.339122,5596,72179e3,0.987228,26402.34375,772430
2015-09-13,233153.47095,6057,76193600,1.04,26171.40625,644138
2015-09-14,251532.144763,5572,68814400,0.940566,25588.125,741085
2015-09-15,528121.741887,5409,64052400,0.875189,25615.3125,703390
2015-09-16,523055.189762,5872,68963300,0.941977,26318.125,615593
2015-09-17,268192.315916,5368,66415200,0.906865,25435.625,897940
2015-09-18,356656.887923,5802,64071300,0.874574,25894.21875,484622
2015-09-19,331975.532998,5205,62262700,0.849603,27187.1875,386988
2015-09-20,115939.606962,6402,646e5,0.881191,27982.65625,508314
2015-09-21,148483.821655,6305,69045900,0.941496,26651.875,424039
2015-09-22,178938.921116,6804,67444200,0.919337,26370.3125,487914
2015-09-23,118464.140953,7404,66309600,0.90356,27080.3125,200541
2015-09-24,275068.137631,6224,65836400,0.896796,26385.78125,842505
2015-09-25,542954.78067,5851,60221400,0.820031,27003.4375,903457
2015-09-26,185398.507247,5907,54188900,0.73763,25910.3125,369620
2015-09-27,302982.786671,5760,58149600,0.791277,25011.09375,413801
2015-09-28,516557.965524,6123,53201800,0.723715,24714.21875,1320890
2015-09-29,234208.842445,5738,42607700,0.579414,24364.6875,913992
2015-09-30,337049.008832,5870,48636600,0.661192,25097.5,619926
2015-10-01,395443.359519,6421,54032300,0.734307,27422.03125,596084
2015-10-02,101770.44683,6063,50328700,0.683732,26913.125,219318
2015-10-03,83472.3579063,6112,49981900,0.678783,26453.75,163326
2015-10-04,190487.183799,6624,50556e3,0.686343,25480.15625,103497
2015-10-05,109299.046995,6279,49131600,0.666784,26136.875,234263
2015-10-06,315241.251486,6458,45863300,0.622218,25036.5625,262674
2015-10-07,201787.026703,7121,47964700,0.650515,26133.59375,218327
2015-10-08,191033.831271,6926,44955900,0.609501,26778.4375,310266
2015-10-09,146902.620552,6763,48334900,0.655084,25451.40625,386420
2015-10-10,82385.5282663,6529,47325200,0.641187,25499.6875,141555
2015-10-11,95944.4205613,6023,46327500,0.627461,26507.03125,102128
2015-10-12,171873.574295,6593,46864200,0.634515,26803.75,109567
2015-10-13,258212.881885,6818,46395200,0.627943,26668.28125,303044
2015-10-14,607655.452607,6830,45250600,0.61224,25875.625,971664
2015-10-15,418538.885953,6499,38688300,0.523278,25610.46875,371022
2015-10-16,202601.881735,6795,41608900,0.562593,25441.40625,249891
2015-10-17,130246.016831,6567,39515900,0.534117,26450.625,313860
2015-10-18,99784.3632927,6481,40550400,0.547913,25848.28125,133690
2015-10-19,266430.637729,6604,38321300,0.517621,25966.71875,243742
2015-10-20,245597.151842,5897,36261200,0.489629,26192.5,383921
2015-10-21,300832.294689,6182,31973600,0.431589,26046.40625,609085
2015-10-22,275561.318135,5979,32977300,0.444988,25330.78125,924822
2015-10-23,437771.31856,6888,41986400,0.56637,27554.84375,878822
2015-10-24,53895.3027682,6361,40022100,0.539681,27118.75,258356
2015-10-25,147459.128473,5830,41781300,0.563207,26814.21875,635384
2015-10-26,443409.269032,5938,45991300,0.619743,25912.1875,1089120
2015-10-27,1342211.33689,6784,52624300,0.70889,27529.375,1846370
2015-10-28,853649.129646,7346,64676600,0.870938,26344.6875,2373050
2015-10-29,522938.908113,7836,74675600,1.01,27510.78125,2279240
2015-10-30,1463340.70588,7941,89857400,1.21,27720.15625,2429200
2015-10-31,290238.780502,7557,77800300,1.05,27751.5625,673892
2015-11-01,134005.682915,6915,68477200,0.920847,28180.15625,588913
2015-11-02,373003.74475,6558,78701400,1.06,27134.21875,1145200
2015-11-03,591939.042181,7399,7401e4,0.994568,27605.78125,1907690
2015-11-04,813332.073784,7037,75232400,1.01,27716.40625,3060340
2015-11-05,310000.094231,7498,67070700,0.900699,27291.40625,1179840
2015-11-06,848836.925319,7882,67397100,0.904772,27422.1875,913666
2015-11-07,393480.659723,10996,68833200,0.923732,26715.3125,890187
2015-11-08,821063.343566,12413,68254300,0.915661,27289.0625,1021460
2015-11-09,975381.900236,7689,76991800,1.03,27059.53125,2045290
2015-11-10,891132.50098,8151,74685300,1,27444.0625,854581
2015-11-11,283710.360866,10217,70236200,0.941296,27819.0625,1278580
2015-11-12,223759.794899,9534,59448700,0.796455,28032.03125,806156
2015-11-13,423125.551722,7891,67777e3,0.907722,28185.15625,543671
2015-11-14,256807.228659,7211,67631900,0.905469,28357.65625,372514
2015-11-15,156460.678696,7170,66590200,0.891217,28120.15625,411848
2015-11-16,395086.783222,7442,67730700,0.906166,27395.15625,620945
2015-11-17,1070401.11434,7145,69157900,0.924948,27793.59375,1145440
2015-11-18,197660.982908,7373,74287700,0.993214,27252.03125,681104
2015-11-19,271338.021627,8876,73976100,0.988713,26563.4375,443528
2015-11-20,185962.014632,6348,71532500,0.955735,25130.46875,614335
2015-11-21,124541.311664,6822,69535300,0.928758,26782.1875,455976
2015-11-22,250851.889707,7083,73378800,0.979765,26988.59375,372173
2015-11-23,662337.923469,8260,72484200,0.967493,27272.34375,441875
2015-11-24,372556.845282,7152,70931100,0.946442,26848.125,524195
2015-11-25,168352.5214,7098,67010200,0.893827,26471.875,622991
2015-11-26,837964.176314,7278,64740900,0.863273,26538.4375,947473
2015-11-27,599003.265088,6639,66174600,0.8821,27886.875,403813
2015-11-28,104774.60478,6817,65147e3,0.868102,27201.09375,462464
2015-11-29,173995.405199,6853,68625100,0.914144,27350.9375,448358
2015-11-30,207334.547472,8986,66080400,0.879951,27360,784439
2015-12-01,195994.783055,6794,6598e4,0.878316,27542.8125,652857
2015-12-02,257351.021634,6502,65615700,0.873171,26007.03125,506307
2015-12-03,181143.284124,6971,61530500,0.818546,28063.28125,539969
2015-12-04,136371.010006,6898,61065700,0.812082,26679.375,241278
2015-12-05,121090.607918,6784,63276e3,0.841195,26581.875,232743
2015-12-06,207379.532972,9103,65194900,0.866417,26255.78125,443608
2015-12-07,377754.798255,7141,62950900,0.836322,26718.90625,520409
2015-12-08,142951.305788,6697,60690400,0.806024,26312.5,445903
2015-12-09,202087.347364,7001,62098400,0.824454,28324.0625,624221
2015-12-10,172509.244946,7444,59945e3,0.79559,27477.34375,369589
2015-12-11,268100.865211,8105,63312400,0.839995,27022.8125,801072
2015-12-12,452378.390602,8205,7021e4,0.931196,27206.5625,1376280
2015-12-13,314251.884047,7426,73276400,0.971538,27907.34375,273614
2015-12-14,295330.643568,15550,72176400,0.95662,26708.59375,563436
2015-12-15,530148.996251,21098,74764100,0.990589,27014.53125,578618
2015-12-16,1487852.0122,10304,76791600,1.02,26457.34375,320767
2015-12-17,436397.955235,9612,74999300,0.993043,26883.125,640765
2015-12-18,222674.418259,9032,70890600,0.938327,26671.5625,300787
2015-12-19,209991.868058,9314,69644200,0.921524,26694.53125,343535
2015-12-20,186642.323376,9879,68663100,0.90824,26436.09375,472164
2015-12-21,212202.911658,12063,68521200,0.906065,26457.8125,549113
2015-12-22,212682.964372,21027,67704600,0.894973,27374.375,454249
2015-12-23,123611.752227,22740,65215800,0.861782,27399.375,334993
2015-12-24,107928.876868,13494,6506e4,0.859433,26686.5625,354646
2015-12-25,59140.3897664,9521,65275400,0.861993,26803.59375,187114
2015-12-26,126471.211799,10726,65961900,0.870766,26560.15625,425282
2015-12-27,67737.4421267,21867,6465e4,0.853166,26853.75,164565
2015-12-28,378468.743886,12368,64913200,0.856356,27057.96875,235134
2015-12-29,241549.827882,11358,63985600,0.843835,26661.09375,215742
2015-12-30,188129.281731,21767,66314200,0.874258,26736.25,604078
2015-12-31,355305.072598,10301,69207400,0.912098,26908.28125,663994
2016-01-01,321708.374938,8233,70870900,0.933712,26070.3125,206062
2016-01-02,245604.244705,9164,71933100,0.947401,27383.90625,255504
2016-01-03,347988.606498,9258,71275900,0.93843,27675.78125,407632
2016-01-04,149816.894365,9474,73853900,0.972045,27420.625,346245
2016-01-05,987737.834021,16430,72442400,0.953147,27839.21875,219833
2016-01-06,248788.140996,17074,72229700,0.950028,27625.46875,308791
2016-01-07,334750.020844,22075,72692900,0.955801,27022.1875,647462
2016-01-08,185057.494975,10919,71724e3,0.942752,27996.71875,545600
2016-01-09,207737.867478,11793,75001800,0.985501,27595.78125,226281
2016-01-10,138866.851353,10320,75031200,0.985557,27287.96875,390888
2016-01-11,504162.045601,10893,76096500,0.999216,27005.15625,1011920
2016-01-12,1059789.47596,10862,81217300,1.07,25900.78125,2898760
2016-01-13,482477.346614,17665,8653e4,1.14,26535.3125,1005910
2016-01-14,372400.046082,10653,85539300,1.12,26919.21875,751961
2016-01-15,1115559.38705,9875,90321700,1.18,26797.34375,3910550
2016-01-16,696885.997529,10664,93099400,1.22,26523.125,2462630
2016-01-17,452570.307605,9747,93207300,1.22,26599.84375,1171150
2016-01-18,3013698.20084,12916,101699e3,1.33,26620.15625,4278930
2016-01-19,1761830.36548,13420,108628e3,1.42,26092.8125,2446740
2016-01-20,816295.549492,10610,104124e3,1.36,26542.5,2933220
2016-01-21,757379.28086,10734,117111e3,1.53,25919.21875,1614960
2016-01-22,1424488.3875,13848,118244e3,1.55,26255,1567240
2016-01-23,1715780.58763,11025,115002e3,1.5,25769.6875,7370980
2016-01-24,3649253.30376,12798,145358e3,1.9,27239.21875,9669770
2016-01-25,4599895.30274,17121,164313e3,2.15,25700.78125,10739300
2016-01-26,3656139.96786,16511,193838e3,2.53,26985.46875,13939200
2016-01-27,2737152.31645,18747,172061e3,2.25,26104.53125,6961080
2016-01-28,2221830.0494,16765,184294e3,2.41,26560.9375,4903850
2016-01-29,2193245.2183,16395,194815e3,2.54,26164.21875,6662340
2016-01-30,2484926.35652,14661,192176e3,2.51,26193.125,3725080
2016-01-31,2672115.73802,14166,187289e3,2.44,25681.875,5847500
2016-02-01,1391891.87755,14199,177881e3,2.32,26431.25,3994100
2016-02-02,1374775.08365,14291,169923e3,2.22,25864.6875,3451270
2016-02-03,1507493.46534,14274,186609e3,2.43,27301.71875,3987750
2016-02-04,834722.73483,14371,194126e3,2.53,26562.34375,3552320
2016-02-05,1481566.12417,15249,197363e3,2.57,26558.59375,2636700
2016-02-06,592095.362826,31418,194621e3,2.53,26345.78125,1921240
2016-02-07,2274795.22732,14264,194884e3,2.54,26684.6875,7007060
2016-02-08,4375795.90725,14719,228504e3,2.97,26651.875,9725690
2016-02-09,4966094.12256,15517,24411e4,3.17,26474.21875,17954e3
2016-02-10,7746949.51446,17141,307684e3,4,26161.25,28640400
2016-02-11,8085998.40221,21440,345964e3,4.5,26477.8125,26408200
2016-02-12,12510236.4474,18109,457618e3,5.95,26498.90625,23360800
2016-02-13,7352176.60844,19327,437667e3,5.69,26884.6875,24218800
2016-02-14,4965400.74055,16624,416193e3,5.4,26329.0625,11226500
2016-02-15,3904566.86025,17159,410643e3,5.33,26225.3125,13934200
2016-02-16,6928107.76225,17549,410605e3,5.33,26445.78125,15889100
2016-02-17,3234734.4086,19990,330635e3,4.29,25672.03125,15451e3
2016-02-18,4248506.44875,16969,291068e3,3.77,26214.84375,17054e3
2016-02-19,2164086.05371,18412,338222e3,4.38,26655.46875,7666320
2016-02-20,5578710.35002,16714,361281e3,4.68,26560.78125,8631090
2016-02-21,2079867.79463,17119,336572e3,4.36,26536.5625,6413550
2016-02-22,3748825.59338,18190,360185e3,4.66,26757.8125,15056200
2016-02-23,8805614.95346,18482,439084e3,5.68,26170,13380600
2016-02-24,11730399.6924,19540,432977e3,5.6,26426.875,11426500
2016-02-25,5711761.27782,19503,478149e3,6.19,26823.75,21471800
2016-02-26,24230974.2034,21068,466797e3,6.04,26654.0625,9526860
2016-02-27,12949290.2796,18981,461169e3,5.96,26196.09375,8903210
2016-02-28,4995609.2513,19063,495545e3,6.41,26425.78125,9851660
2016-02-29,4596370.02202,20358,499587e3,6.46,25229.53125,7648020
2016-03-01,8239275.84553,21778,489188e3,6.32,26481.09375,23098100
2016-03-02,27459006.5016,23562,591078e3,7.63,26644.21875,29130200
2016-03-03,17711687.5864,24837,653959e3,8.44,26111.25,40314900
2016-03-04,13963353.9296,24287,716027e3,9.24,25881.5625,35520100
2016-03-05,29697501.9302,27115,803827e3,10.37,26585.9375,56439600
2016-03-06,18066962.8205,27661,868736e3,11.2,25399.6875,39112e3
2016-03-07,16904696.8662,23271,886447e3,11.43,25985.46875,34085100
2016-03-08,20568800.7442,24105,743456e3,9.58,25823.125,25524300
2016-03-09,11011853.5213,24557,760017e3,9.79,25740.78125,27540500
2016-03-10,10185037.6433,24814,922452e3,11.88,26630,26851500
2016-03-11,10552713.9489,23124,871511e3,11.22,26302.5,21002700
2016-03-12,16998332.1235,27887,864733e3,11.13,26370.15625,48957300
2016-03-13,26786956.5857,28127,104993e4,13.51,27250.46875,43915100
2016-03-14,23690004.8793,28528,112818e4,14.51,26407.96875,58385100
2016-03-15,16846969.6312,29273,101109e4,13,31223.59375,28404500
2016-03-16,14514895.7492,27596,101302e4,13.02,31490.15625,24335500
2016-03-17,21905195.8075,33531,977389e3,12.56,32024.53125,41650600
2016-03-18,26172960.9975,31821,867949e3,11.11,31282.8125,53956800
2016-03-19,8872196.89619,34779,875689e3,11.2,32079.0625,26735700
2016-03-20,5846144.42204,32447,822297e3,10.52,31587.65625,17651100
2016-03-21,9182523.46527,32511,805997e3,10.3,31394.21875,28572600
2016-03-22,8144006.51535,32890,92961e4,11.88,31711.875,19730300
2016-03-23,6495246.38035,31786,887595e3,11.33,31294.0625,19353200
2016-03-24,11870472.061,36947,975295e3,12.44,32071.09375,26081800
2016-03-25,6241396.68754,36762,883012e3,11.26,31889.84375,13782e3
2016-03-26,3591634.62979,36646,844742e3,10.77,31928.4375,9425480
2016-03-27,12895209.5671,29974,862211e3,10.99,31630.78125,16744800
2016-03-28,8274588.06925,33613,819007e3,10.43,31313.4375,23188300
2016-03-29,15192612.6452,33915,923114e3,11.75,31437.8125,17684200
2016-03-30,15858752.2749,36767,911902e3,11.61,31700.46875,19351200
2016-03-31,10705724.8758,32259,936992e3,11.92,31388.90625,14966700
2016-04-01,4362306.54925,33320,896537e3,11.4,31884.6875,11373100
2016-04-02,4374261.11825,29358,914995e3,11.63,31081.25,8682620
2016-04-03,2540115.02327,29588,915175e3,11.63,31729.6875,5580550
2016-04-04,5104531.04908,34907,91456e4,11.62,31953.125,9599070
2016-04-05,7725454.47437,39173,88317e4,11.21,31574.84375,20557300
2016-04-06,6153998.86776,32078,82342e4,10.45,31262.65625,16997100
2016-04-07,7747661.78855,31893,843091e3,10.7,31167.34375,13464500
2016-04-08,5543476.26236,34010,794705e3,10.08,31914.375,14660600
2016-04-09,12665566.6369,31923,764797e3,9.69,30913.59375,16194800
2016-04-10,10802858.0197,32237,722133e3,9.15,31774.21875,42613400
2016-04-11,5574922.7302,30327,706074e3,8.94,30970.9375,15138100
2016-04-12,9421428.328,34673,682395e3,8.64,31385.9375,23190100
2016-04-13,8466729.51491,36051,587994e3,7.44,31486.09375,31403300
2016-04-14,7626916.33443,34781,63833e4,8.08,31401.09375,13590700
2016-04-15,4965805.59245,34959,663169e3,8.39,31733.4375,12179e3
2016-04-16,3571876.79524,30483,651554e3,8.24,31531.25,9888460
2016-04-17,7109876.42059,40203,682467e3,8.62,31499.375,24619600
2016-04-18,5957909.62059,33513,738916e3,9.33,31863.28125,21084100
2016-04-19,3710246.06542,32622,718825e3,9.08,31326.5625,12899100
2016-04-20,5863280.09373,32944,688434e3,8.69,31831.40625,15634700
2016-04-21,3999735.6783,37181,670104e3,8.45,31373.90625,13355400
2016-04-22,6147375.45223,31678,646298e3,8.15,31576.71875,13309300
2016-04-23,7900334.59552,31845,618147e3,7.79,31693.59375,14565200
2016-04-24,3111085.51359,34046,658203e3,8.29,31493.75,10786400
2016-04-25,5709829.22954,35430,635784e3,8.01,32138.28125,18239900
2016-04-26,8761557.22233,32582,597819e3,7.53,31287.8125,17667300
2016-04-27,5777261.3444,33847,587076e3,7.39,31875,19254500
2016-04-28,6025715.28344,34343,615316e3,7.74,31682.5,11576e3
2016-04-29,4384710.09241,37332,573124e3,7.21,31683.59375,8762080
2016-04-30,20174870.2939,45769,592992e3,7.45,31891.71875,36573300
2016-05-01,15499782.2277,39578,698377e3,8.78,31009.0625,16713800
2016-05-02,17058095.6211,41748,708137e3,8.89,31912.1875,41019200
2016-05-03,14343394.0859,37821,809644e3,10.17,31794.375,21463900
2016-05-04,10316383.8467,37484,747638e3,9.38,31458.75,17622400
2016-05-05,10384630.3723,38707,749038e3,9.4,31776.25,18296200
2016-05-06,20087432.7621,41271,782261e3,9.81,31741.40625,21510600
2016-05-07,14177190.8477,35864,743166e3,9.32,31573.125,10806500
2016-05-08,13341712.2204,40063,74803e4,9.37,31849.21875,15031e3
2016-05-09,19259693.1459,38560,758e6,9.49,31801.40625,13085300
2016-05-10,19192361.7782,40684,741417e3,9.28,31700.9375,9321790
2016-05-11,28794915.987,40811,7536e5,9.43,31253.125,15267500
2016-05-12,32664408.1411,45002,798952e3,10,32257.03125,24137700
2016-05-13,81784696.9567,47739,804647e3,10.06,32196.71875,31276900
2016-05-14,62166880.0259,45745,840395e3,10.51,31667.8125,18808e3
2016-05-15,15320023.8504,43073,819399e3,10.24,31805.46875,9218400
2016-05-16,14878217.178,37424,798116e3,9.97,31514.6875,29079900
2016-05-17,14809057.096,40309,896505e3,11.19,32192.1875,37198700
2016-05-18,22172359.0629,46033,975878e3,12.18,32404.375,65389900
2016-05-19,36040599.276,44523,108557e4,13.54,31903.59375,53757500
2016-05-20,33602821.8141,45177,119108e4,14.85,32089.6875,50544100
2016-05-21,13659754.5754,43621,109822e4,13.69,31835.78125,24648400
2016-05-22,9438791.84453,38895,112681e4,14.04,32260,17938900
2016-05-23,17881213.5573,43806,114647e4,14.28,32080.625,23842800
2016-05-24,23464158.6965,42911,106867e4,13.31,32003.28125,41560600
2016-05-25,21957342.617,46443,102794e4,12.79,32357.03125,27444700
2016-05-26,16054116.6134,51147,100608e4,12.52,32044.375,20764e3
2016-05-27,32401622.09,49006,996293e3,12.39,32321.71875,57496400
2016-05-28,25072114.2575,70148,911724e3,11.33,32318.59375,47274800
2016-05-29,12174438.1166,45890,974784e3,12.11,31969.21875,28598400
2016-05-30,12484782.3202,42927,992329e3,12.33,32007.1875,14733800
2016-05-31,13010029.5478,44386,102641e4,12.74,31529.21875,42433400
2016-06-01,11117770.1064,42221,11369e5,14.11,32147.96875,22471300
2016-06-02,6988741.27073,39666,112783e4,13.99,32182.1875,10477200
2016-06-03,8607841.54933,39834,110822e4,13.74,32272.1875,22981500
2016-06-04,6447794.07207,37875,111846e4,13.86,32141.5625,15792400
2016-06-05,6261613.55154,37896,111069e4,13.76,31583.125,11088400
2016-06-06,6723136.07576,38957,113035e4,14,32371.875,8720400
2016-06-07,13967648.3046,46141,112633e4,13.95,31945.9375,21421600
2016-06-08,31227036.6346,40433,117223e4,14.51,32302.96875,16941800
2016-06-09,6670077.41881,39854,116645e4,14.43,32225.9375,8256830
2016-06-10,12872878.8209,40145,11625e5,14.38,31164.21875,11312900
2016-06-11,7331552.41959,36901,112518e4,13.91,32371.71875,12176500
2016-06-12,15609237.0368,42581,114807e4,14.19,32220.625,38210300
2016-06-13,18625631.7159,46185,127693e4,15.77,32224.21875,38023400
2016-06-14,24912416.8451,50335,14265e5,17.61,32145.46875,64412200
2016-06-15,17362162.2514,43251,153179e4,18.91,31867.03125,19393400
2016-06-16,27213066.1051,43392,148842e4,18.36,31877.65625,38531e3
2016-06-17,86871923.6662,66558,167454e4,20.65,33412.65625,199408e3
2016-06-18,79113457.0453,63083,124753e4,15.38,34390.9375,133937e3
2016-06-19,20269855.2347,51035,906292e3,11.17,33195.46875,69783600
2016-06-20,32009634.9998,47118,993503e3,12.24,31714.84375,58143600
2016-06-21,21125146.8537,47323,960014e3,11.82,31988.4375,69245600
2016-06-22,27236348.0643,48615,107251e4,13.2,32670.625,96994100
2016-06-23,23490810.1627,41908,107424e4,13.22,31848.125,30806400
2016-06-24,15367735.3556,45331,111259e4,13.68,32171.875,33332900
2016-06-25,17981566.7249,36684,116353e4,14.3,31685.9375,15383100
2016-06-26,8879474.19435,41613,116059e4,14.26,32314.6875,14747600
2016-06-27,9013542.49707,39663,112417e4,13.81,32094.84375,10994700
2016-06-28,21720491.4568,43089,113434e4,13.93,32161.40625,43436600
2016-06-29,15430636.38,49897,991926e3,12.17,31870,26982800
2016-06-30,10947257.1223,63952,102726e4,12.6,31982.96875,15801300
2016-07-01,10696549.2315,40085,101422e4,12.44,32621.40625,17236500
2016-07-02,5656432.2429,39257,99651e4,12.22,31916.5625,8987070
2016-07-03,6230254.24525,39757,989132e3,12.12,32039.6875,10588700
2016-07-04,13692976.9282,39950,954849e3,11.7,32137.1875,12943500
2016-07-05,41255954.0092,39270,93573e4,11.46,31581.5625,45526900
2016-07-06,11233507.2471,37900,864063e3,10.58,32354.84375,18137300
2016-07-07,10391924.702,40433,861144e3,10.54,31895.9375,15407200
2016-07-08,6983341.88852,42506,82709e4,10.12,31949.53125,20039800
2016-07-09,6762537.79043,40410,933946e3,11.42,32798.125,17254800
2016-07-10,7280666.39652,39358,896899e3,10.96,31965.46875,5479240
2016-07-11,8823150.7058,38582,89567e4,10.94,31985.3125,13098e3
2016-07-12,9049612.99806,40811,855555e3,10.45,31757.34375,11127700
2016-07-13,9904983.02019,35740,86077e4,10.51,32157.96875,6715660
2016-07-14,9857499.57224,42809,868509e3,10.6,31815.15625,23621900
2016-07-15,44925972.9223,41110,942817e3,11.5,31884.6875,26838900
2016-07-16,9320894.55002,38062,977658e3,11.92,32166.09375,10445700
2016-07-17,8881489.73622,33914,953762e3,11.62,31781.71875,17921600
2016-07-18,31952619.3412,39198,917151e3,11.17,32498.125,15931900
2016-07-19,107762536.575,44184,907135e3,11.05,31773.90625,2173e4
2016-07-20,162825377.85,50631,952143e3,11.59,31911.09375,60226100
2016-07-21,21921887.8232,44882,1024e6,12.46,32787.5,24636900
2016-07-22,38482684.4164,48458,104064e4,12.66,31690.625,74779500
2016-07-23,38582314.2144,45006,120619e4,14.67,32391.25,32489700
2016-07-24,183314049.676,58215,117625e4,14.3,31480,77750800
2016-07-25,125016432.824,54856,104892e4,12.74,31991.5625,36673800
2016-07-26,287407820.95,61930,113766e4,13.82,30770,94428800
2016-07-27,150289210.499,53035,992645e3,12.05,32945.3125,58278800
2016-07-28,99187877.883,48555,106956e4,12.98,32354.21875,24603900
2016-07-29,68574949.9207,47243,105822e4,12.84,31939.375,14082300
2016-07-30,48195345.1862,42011,105541e4,12.8,31641.71875,9047810
2016-07-31,45082690.7961,48749,102631e4,12.44,32219.53125,25441400
2016-08-01,64720923.4284,45978,981735e3,11.89,31594.375,23999500
2016-08-02,111269769.234,49041,903978e3,10.95,31355.15625,88803300
2016-08-03,77771646.3521,49475,733204e3,8.88,31703.90625,53979400
2016-08-04,37980249.0064,46761,851992e3,10.31,32856.5625,38151400
2016-08-05,46228154.4212,43212,910856e3,11.02,32232.03125,15487900
2016-08-06,19791860.7877,41487,902752e3,10.92,31586.09375,16712600
2016-08-07,22798647.8853,42955,89834e4,10.86,32294.84375,16551e3
2016-08-08,23211895.018,42984,903184e3,10.91,32175.9375,14956700
2016-08-09,35712873.2902,47057,933431e3,11.27,32666.40625,36656600
2016-08-10,58978912.2116,46290,101291e4,12.23,32162.96875,28096300
2016-08-11,47262834.3983,48171,100572e4,12.14,32196.09375,17505e3
2016-08-12,26849319.1749,44400,968865e3,11.69,32112.03125,13690100
2016-08-13,23503036.6389,41088,975999e3,11.77,31998.90625,7539490
2016-08-14,18654443.9386,40577,960855e3,11.58,31965.15625,8680160
2016-08-15,16046060.6267,42302,929558e3,11.2,32332.65625,7500840
2016-08-16,10487368.6961,48949,932162e3,11.23,32037.1875,7051510
2016-08-17,19649805.5119,44867,924591e3,11.13,31994.53125,8833760
2016-08-18,12746976.4783,47799,892903e3,10.75,32789.0625,6935800
2016-08-19,11026706.0236,42948,893156e3,10.75,31841.40625,5390850
2016-08-20,16660412.0577,41318,893814e3,10.75,32228.125,7443540
2016-08-21,39968156.509,42543,936015e3,11.25,32699.84375,4355660
2016-08-22,25010033.0237,44250,930708e3,11.19,32289.6875,6588920
2016-08-23,49946374.9103,48430,927065e3,11.14,32187.03125,6489380
2016-08-24,11029424.6983,46821,918039e3,11.02,32273.4375,4423420
2016-08-25,10198414.0304,49868,918977e3,11.03,32135.625,8552380
2016-08-26,22218492.1519,47292,946092e3,11.35,31871.40625,5857850
2016-08-27,10881933.2605,47938,941585e3,11.29,32306.40625,15108400
2016-08-28,9252290.43665,42607,92969e4,11.15,32024.21875,5303040
2016-08-29,13020490.8077,45510,910698e3,10.92,31930.15625,8130540
2016-08-30,9426118.34661,46979,917474e3,10.99,31871.09375,7221260
2016-08-31,12280713.5605,45846,938406e3,11.24,32138.28125,11073700
2016-09-01,23131566.9029,47491,974844e3,11.67,31744.6875,24051500
2016-09-02,20991575.2564,55413,999757e3,11.96,32384.0625,9368300
2016-09-03,15145481.7156,44792,101258e4,12.11,31495.9375,13358800
2016-09-04,17433397.0551,48128,982952e3,11.75,31859.6875,7220550
2016-09-05,9499546.05425,42667,977169e3,11.68,32194.0625,5724100
2016-09-06,11344162.2108,49102,981303e3,11.73,31681.40625,6346330
2016-09-07,10302115.5738,48701,979087e3,11.69,32267.8125,6115050
2016-09-08,17511516.1137,55970,96701e4,11.55,31908.59375,11535e3
2016-09-09,7932457.96084,53918,95621e4,11.41,32216.875,6109200
2016-09-10,7800680.43587,42875,977515e3,11.66,31830.625,7220300
2016-09-11,10321578.5765,43345,102364e4,12.21,32352.96875,8791180
2016-09-12,10819500.7244,45123,976645e3,11.64,32237.03125,7478080
2016-09-13,11379524.6481,42591,997638e3,11.89,31904.84375,11704300
2016-09-14,8961385.00049,53859,999352e3,11.9,32528.75,5694820
2016-09-15,7364669.27858,52622,100297e4,11.94,32182.8125,7309090
2016-09-16,27144651.8581,57532,100474e4,11.96,32239.0625,17421500
2016-09-17,10043370.5255,46882,105544e4,12.56,32155,7446610
2016-09-18,19874708.9099,37893,106662e4,12.69,29573.90625,22433300
2016-09-19,11469223.0333,40505,104587e4,12.44,34276.875,13838800
2016-09-20,48695726.9271,54067,111181e4,13.21,32492.5,31929100
2016-09-21,58371360.5821,44549,121495e4,14.43,32083.75,28645e3
2016-09-22,25773645.5783,52657,115065e4,13.66,31605.625,27382800
2016-09-23,27032758.8921,35219,111259e4,13.21,34276.875,9166430
2016-09-24,17838758.8865,43418,112267e4,13.32,33324.21875,9824880
2016-09-25,31967554.2324,38713,108351e4,12.85,34394.21875,5283440
2016-09-26,19116431.3964,43514,11107e5,13.17,32127.65625,7213070
2016-09-27,14571186.3985,46817,108533e4,12.86,35287.5,6831070
2016-09-28,32698593.1855,42797,110633e4,13.11,32403.4375,10239e3
2016-09-29,28044128.0834,40416,112106e4,13.28,32313.4375,5990630
2016-09-30,11941482.6176,35836,110453e4,13.08,31623.28125,5950840
2016-10-01,10871461.7383,53076,111569e4,13.2,34478.59375,6331160
2016-10-02,23713865.8305,51105,11142e5,13.18,35749.53125,4079660
2016-10-03,8057917.99976,47672,11166e5,13.2,33282.65625,7458320
2016-10-04,9444778.96583,56662,113798e4,13.45,32054.53125,8348280
2016-10-05,13817431.7782,41719,112427e4,13.28,33081.5625,9881370
2016-10-06,12139307.0276,36826,110294e4,13.03,32822.5,12044800
2016-10-07,12028799.7996,43708,108857e4,12.85,36571.25,8933050
2016-10-08,13323863.4781,37690,107399e4,12.67,36094.6875,11611200
2016-10-09,31603876.5518,43940,103559e4,12.22,33425.625,7208480
2016-10-10,31177192.238,44940,102286e4,12.06,33130.9375,10809200
2016-10-11,27052762.5515,41053,997949e3,11.76,32479.53125,11727700
2016-10-12,30964787.1257,30002,100022e4,11.78,33092.65625,9694640
2016-10-13,12152335.692,32244,101119e4,11.91,34826.25,8665190
2016-10-14,31588920.2126,42006,101839e4,11.99,32913.75,4333510
2016-10-15,13851206.6431,33662,101428e4,11.94,32207.1875,4991840
2016-10-16,19157480.298,34990,101854e4,11.98,32930.3125,3617280
2016-10-17,21942137.1677,38136,101671e4,11.96,32374.0625,5724440
2016-10-18,34360817.3449,51898,102053e4,12,33324.0625,18864200
2016-10-19,13359418.0989,38497,107171e4,12.59,33142.1875,10576200
2016-10-20,8755901.3862,43438,102562e4,12.05,34536.5625,8170760
2016-10-21,7522418.56861,57780,103314e4,12.13,32126.875,5676920
2016-10-22,6112528.17106,37772,103785e4,12.18,31702.65625,7583820
2016-10-23,5250776.62022,35364,103397e4,12.13,31331.875,5774660
2016-10-24,7846056.60761,52547,10264e5,12.04,32061.875,5739690
2016-10-25,13233408.6997,47610,102085e4,11.97,31664.53125,19316e3
2016-10-26,10602830.2001,45158,97144e4,11.38,31956.875,10221800
2016-10-27,10679662.9849,44353,984361e3,11.53,31445,13255400
2016-10-28,17675452.3561,41522,979916e3,11.47,31079.0625,13971500
2016-10-29,20739829.8306,40011,948271e3,11.1,29625.78125,27070400
2016-10-30,25326470.8395,39435,891164e3,10.43,31964.21875,16694900
2016-10-31,13956062.6999,45031,960008e3,11.23,32021.25,13393900
2016-11-01,31686181.1892,49025,937123e3,10.96,30498.4375,22901300
2016-11-02,46424096.0435,43519,921691e3,10.77,31142.03125,11691700
2016-11-03,107504513.523,42346,924097e3,10.8,31215.9375,15228600
2016-11-04,12969021.5911,32572,926129e3,10.82,30923.59375,9958040
2016-11-05,9589420.0407900009,37690,950213e3,11.09,31424.53125,5502670
2016-11-06,5658778.91959,34391,941729e3,10.99,31800.15625,5688710
2016-11-07,6992511.71486,41941,934536e3,10.9,33259.0625,5992480
2016-11-08,7334481.95519,41569,930345e3,10.85,32327.1875,6258150
2016-11-09,22038322.3907,40517,928063e3,10.82,31002.34375,14606600
2016-11-10,10903260.3433,40164,91594e4,10.67,31210.78125,4253980
2016-11-11,39584757.0467,41070,902479e3,10.51,31339.375,6056300
2016-11-12,12793703.5426,40882,88378e4,10.29,31950,10052500
2016-11-13,12526415.0726,43673,849342e3,9.89,32424.21875,8227770
2016-11-14,5397423.90051,43876,867755e3,10.1,31884.21875,3573250
2016-11-15,10316751.3201,45330,857223e3,9.97,31437.03125,6557550
2016-11-16,11056032.1601,41684,87861e4,10.22,31581.40625,9533550
2016-11-17,32329190.7743,40738,865393e3,10.06,30808.59375,6984700
2016-11-18,10806893.3883,43785,859571e3,9.99,33100.78125,10816100
2016-11-19,8162244.82144,39289,81638e4,9.48,32331.09375,5186540
2016-11-20,6179673.33214,42125,83205e4,9.66,32456.40625,5173420
2016-11-21,6338475.6337,42735,825381e3,9.58,31815.3125,3663210
2016-11-22,24933511.8773,53585,829616e3,9.63,31177.5,11284400
2016-11-23,24183732.0156,64289,855265e3,9.92,32621.875,4812310
2016-11-24,8273424.5091,36861,849229e3,9.85,32401.40625,15987800
2016-11-25,14033740.8794,58075,796268e3,9.23,33431.71875,7669720
2016-11-26,6627892.43427,40804,812795e3,9.42,32496.5625,3505990
2016-11-27,6634627.92095,44449,804085e3,9.31,33706.71875,8707660
2016-11-28,7173752.06855,48388,777311e3,9,33939.84375,6046890
2016-11-29,11506955.788,47036,754307e3,8.73,32977.96875,17000400
2016-11-30,9682315.78996,39178,70504e4,8.16,31840,10626600
2016-12-01,8959684.58517,37121,743882e3,8.6,31748.28125,5882340
2016-12-02,28048692.0595,41642,73152e4,8.46,31796.40625,18579800
2016-12-03,37500831.2646,41357,672138e3,7.77,32116.40625,12112100
2016-12-04,13369771.4115,39643,684258e3,7.9,31172.5,8450790
2016-12-05,27013313.7558,41613,64182e4,7.41,31231.5625,17344500
2016-12-06,42577382.0524,48200,589548e3,6.8,31978.75,50671200
2016-12-07,19284878.5103,41757,684258e3,7.89,31710.625,22229600
2016-12-08,20995833.0583,39587,726878e3,8.38,32094.0625,16042700
2016-12-09,20645370.0747,41444,708468e3,8.17,31660.625,12916300
2016-12-10,11925119.1829,40564,732173e3,8.44,31676.40625,8108370
2016-12-11,15829385.2828,39164,705363e3,8.13,31778.90625,5545500
2016-12-12,8719410.52955,38741,711348e3,8.19,31342.5,9119700
2016-12-13,9437164.79577,44664,740099e3,8.52,31810,4486190
2016-12-14,8927975.69271,47294,734382e3,8.45,31850.46875,7337220
2016-12-15,17485820.9172,46102,715861e3,8.24,31367.8125,13184400
2016-12-16,11159379.4528,43953,683399e3,7.86,31756.40625,5178610
2016-12-17,24412481.1731,39442,683357e3,7.86,31962.34375,8502620
2016-12-18,16997457.5412,36640,684028e3,7.86,31889.375,5890020
2016-12-19,10881154.8193,45599,685054e3,7.87,31473.59375,5894760
2016-12-20,10623337.567,44241,664772e3,7.63,31668.90625,6313550
2016-12-21,15924311.6947,50793,667625e3,7.66,31592.96875,9393550
2016-12-22,26347541.7502,55173,68838e4,7.9,31074.0625,16376700
2016-12-23,47406506.7204,44391,660546e3,7.58,31117.34375,19613100
2016-12-24,16826262.9972,37757,623759e3,7.15,31326.875,7626020
2016-12-25,7694597.84954,36601,633792e3,7.26,32008.4375,8671840
2016-12-26,5926535.17728,34565,622439e3,7.13,31644.6875,5836810
2016-12-27,10313120.8825,42370,63526e4,7.28,31222.8125,8778610
2016-12-28,20743732.7599,43386,624359e3,7.15,31575.15625,17453300
2016-12-29,34616500.6858,46546,658674e3,7.54,31818.75,27543800
2016-12-30,27212971.5514,44561,724528e3,8.29,31681.5625,13909900
2016-12-31,51837132.5122,41220,712662e3,8.15,31228.125,9066800
2017-01-01,14513154.1945,38730,698149e3,7.98,31748.28125,14731700
2017-01-02,23344129.8884,39652,7149e5,8.17,31527.03125,14579600
2017-01-03,42413712.0693,45883,732988e3,8.37,31527.03125,33625200
2017-01-04,76363631.411,50673,850115e3,9.71,32099.53125,41051200
2017-01-05,91265917.8609,49596,988599e3,11.29,31817.03125,41557400
2017-01-06,76338442.6625,43804,901249e3,10.29,31359.53125,29471800
2017-01-07,45077673.8412,43622,897636e3,10.24,31895,23153600
2017-01-08,24698760.5098,42727,865667e3,9.87,31684.375,16676600
2017-01-09,45508392.768,46188,904682e3,10.31,31750.3125,25718300
2017-01-10,47601657.046,48179,909897e3,10.37,31349.375,10879700
2017-01-11,48647927.9007,45221,92532e4,10.54,31522.96875,26823500
2017-01-12,44240441.6637,50589,853638e3,9.72,31556.71875,30453800
2017-01-13,24531506.1469,50833,863241e3,9.83,31730.3125,25066600
2017-01-14,9180456.69716,42044,859971e3,9.79,31478.125,20085800
2017-01-15,5752163.17958,41748,864037e3,9.83,31702.03125,14837900
2017-01-16,7949128.43111,45375,869126e3,9.88,31540.3125,14937400
2017-01-17,15014404.4355,46671,847981e3,9.64,31296.09375,18391900
2017-01-18,8990409.72716,44994,906079e3,10.3,31605.46875,10788200
2017-01-19,10265112.6111,43628,901484e3,10.24,32123.59375,8347550
2017-01-20,28039014.3604,45775,914696e3,10.39,31121.09375,10992800
2017-01-21,10026822.9779,43302,933405e3,10.6,31523.75,11937600
2017-01-22,10690460.2552,47432,961463e3,10.91,31577.8125,8678620
2017-01-23,9450645.3262,46076,944159e3,10.71,31498.4375,7267210
2017-01-24,8468656.93426,50414,946083e3,10.73,31420.46875,8327330
2017-01-25,10061171.3915,46256,936769e3,10.62,31423.59375,6751450
2017-01-26,11303651.577,46856,932575e3,10.57,31784.6875,8465020
2017-01-27,10846935.454,46680,934404e3,10.58,31114.84375,7189170
2017-01-28,6330232.27346,45189,930688e3,10.54,31527.96875,6580700
2017-01-29,9201417.69971,42509,933087e3,10.56,31120,4689950
2017-01-30,7308623.91092,45369,927415e3,10.49,31928.4375,8042180
2017-01-31,13499225.3021,43649,933975e3,10.56,31413.90625,11648700
2017-02-01,13636762.3851,44541,949969e3,10.74,31332.1875,12852200
2017-02-02,13212637.1501,43709,949793e3,10.74,31414.84375,10172500
2017-02-03,17716699.529,42778,956944e3,10.81,31273.28125,12897800
2017-02-04,19691429.2634,45410,985277e3,11.13,31760.78125,14139500
2017-02-05,8525713.45501,46542,10134e5,11.44,31598.4375,5942960
2017-02-06,15596703.8427,47306,100593e4,11.35,31626.71875,5695440
2017-02-07,14586884.552,51866,101262e4,11.43,31491.40625,7629640
2017-02-08,13787002.1396,51089,102317e4,11.54,31704.21875,9688630
2017-02-09,15302930.825,47873,101428e4,11.44,31430.9375,18400300
2017-02-10,18152777.8323,52222,979961e3,11.04,31496.40625,11914200
2017-02-11,10534732.0052,46560,100213e4,11.29,31589.84375,7544520
2017-02-12,13747873.658,45319,100803e4,11.35,31569.6875,6264900
2017-02-13,13763287.1291,55990,101108e4,11.38,31734.0625,7216520
2017-02-14,39405071.8503,58298,100281e4,11.29,31464.0625,42911500
2017-02-15,54719838.2745,55320,1159e6,13.04,31728.28125,18464700
2017-02-16,30856857.8168,49674,114886e4,12.92,31539.84375,38002600
2017-02-17,33362919.46,49406,114726e4,12.9,31327.8125,11636500
2017-02-18,30281612.4869,49398,113075e4,12.71,31211.71875,9370010
2017-02-19,30061119.9986,48227,114087e4,12.82,31267.1875,7799740
2017-02-20,31315813.7571,50152,113661e4,12.77,31387.8125,12994400
2017-02-21,46791865.6041,58434,109933e4,12.34,31410.625,15183300
2017-02-22,34205962.4989,50372,113046e4,12.69,30993.59375,10360900
2017-02-23,32761643.0638,47601,112291e4,12.6,31229.53125,14522300
2017-02-24,67243503.7546,54081,117111e4,13.13,31263.59375,19574400
2017-02-25,41659822.3709,53245,116523e4,13.06,31553.90625,18533900
2017-02-26,52028744.3839,51716,120615e4,13.52,31820.15625,20307500
2017-02-27,132544745.612,52642,129477e4,14.51,31246.40625,31667e3
2017-02-28,174799562.595,60277,13796e5,15.45,31856.09375,65478900
2017-03-01,186940147.658,59774,141551e4,15.85,31144.84375,44927500
2017-03-02,300792236.627,70779,155075e4,17.36,31628.4375,83627100
2017-03-03,313726199.875,64294,170214e4,19.04,31301.40625,95863400
2017-03-04,208574288.19,58756,174514e4,19.52,31172.65625,27341900
2017-03-05,169458073.339,57031,165503e4,18.5,31561.875,26816300
2017-03-06,295314023.147,57020,172536e4,19.28,31153.125,32432700
2017-03-07,203052975.996,62589,175253e4,19.58,31068.75,37972200
2017-03-08,212481283.788,55386,169076e4,18.88,31325.9375,44304600
2017-03-09,247499354.769,64266,14905e5,16.64,30809.53125,31418400
2017-03-10,239731806.012,65132,158964e4,17.74,31027.03125,87506800
2017-03-11,308302014.942,64803,173663e4,19.37,31235.46875,69150100
2017-03-12,517866592.662,66646,192466e4,21.46,30849.53125,74628900
2017-03-13,442750583.636,81718,21083e5,23.5,31612.5,255488e3
2017-03-14,225085668.216,77155,25637e5,28.57,31216.09375,101797e3
2017-03-15,225150642.048,81205,257116e4,28.65,31373.90625,170344e3
2017-03-16,1117180285.01,109950,317475e4,35.36,31431.71875,454418e3
2017-03-17,739106039.919,106635,412548e4,45.93,31841.875,497534e3
2017-03-18,1103807282.94,89920,421183e4,46.87,31482.34375,26218e4
2017-03-19,185304176.774,84599,31936e5,35.53,30994.53125,23943e4
2017-03-20,295718942.798,80264,403127e4,44.83,31670.3125,154701e3
2017-03-21,571528665.663,84298,391362e4,43.51,31013.28125,91265400
2017-03-22,492878344.002,78821,388012e4,43.12,31375.46875,113952e3
2017-03-23,493762785.554,82434,383131e4,42.57,30980.9375,100724e3
2017-03-24,696111016.614,87775,392923e4,43.64,30840.9375,297046e3
2017-03-25,648700130.913,84394,48257e5,53.58,31062.8125,223059e3
2017-03-26,487923463.622,79534,457454e4,50.77,31172.34375,106859e3
2017-03-27,566059625.76,94570,462499e4,51.31,31005.3125,118978e3
2017-03-28,547367428.901,84348,448216e4,49.71,30555.46875,97745300
2017-03-29,671329491.636,93064,456115e4,50.57,31268.28125,144998e3
2017-03-30,916961839.178,96209,479328e4,53.12,30819.84375,86885700
2017-03-31,759503092.053,103102,467119e4,51.75,31208.28125,151416e3
2017-04-01,482715533.702,80572,451751e4,50.03,30850.9375,92461900
2017-04-02,770157675.756,88948,45827e5,50.74,30440.78125,134604e3
2017-04-03,830889522.574,100221,441103e4,48.82,31186.25,190513e3
2017-04-04,370554098.79,86279,396973e4,43.92,31055.3125,157568e3
2017-04-05,544152881.086,87411,403794e4,44.66,31235.3125,119733e3
2017-04-06,782276418.998,95177,408993e4,45.22,30724.375,14712e4
2017-04-07,220410877.555,92846,387821e4,42.87,31074.53125,81474700
2017-04-08,282769026.087,72144,3783e6,41.8,30914.375,74138800
2017-04-09,300534436.611,74557,400901e4,44.28,30243.28125,55143e3
2017-04-10,372554143.742,75487,391952e4,43.28,30037.1875,44061500
2017-04-11,371483186.338,75891,39411e5,43.5,30450.46875,38303300
2017-04-12,345616656.204,80347,393893e4,43.46,30213.90625,88045700
2017-04-13,272035420.118,84124,419842e4,46.31,30342.96875,1572e5
2017-04-14,357215623.727,81155,453181e4,49.97,30989.6875,91674400
2017-04-15,169579512.022,74820,43231e5,47.65,29998.125,66207800
2017-04-16,88232975.8719,70634,445014e4,49.04,30503.4375,31343800
2017-04-17,116674701.161,72546,441731e4,48.66,30648.125,44013300
2017-04-18,412104437.119,83303,438786e4,48.32,30519.84375,78748500
2017-04-19,491602214.7,85734,460826e4,50.73,29612.1875,76281e3
2017-04-20,530048391.166,85450,43738e5,48.13,30422.1875,79600900
2017-04-21,384953527.361,81278,451261e4,49.64,30477.34375,45048300
2017-04-22,334773330.307,73539,438129e4,48.18,29990.3125,37357600
2017-04-23,340187126.491,77073,442004e4,48.59,30491.25,36234e3
2017-04-24,418651281.903,80531,444647e4,48.87,29782.96875,55580600
2017-04-25,393516382.349,93033,455787e4,50.07,30760.3125,38264600
2017-04-26,557484799.647,89642,454437e4,49.91,29332.1875,104884e3
2017-04-27,806085288.295,104494,480963e4,52.81,29330,246775e3
2017-04-28,903826263.477,106193,566955e4,62.23,29682.03125,346546e3
2017-04-29,1001663420.8,91335,650649e4,71.39,29217.65625,165448e3
2017-04-30,1105884725.18,95202,624884e4,68.54,29368.59375,229945e3
2017-05-01,1937632278.74,112202,723407e4,79.32,29357.5,376842e3
2017-05-02,1554727347.29,110354,699298e4,76.65,29436.40625,193773e3
2017-05-03,1742786158.12,97334,705005e4,77.25,29552.65625,141922e3
2017-05-04,1827593533.28,114877,727748e4,79.72,29423.4375,366847e3
2017-05-05,2252386790.61,108514,883352e4,96.73,29702.03125,331928e3
2017-05-06,1471707732.3,95014,866991e4,94.91,29703.4375,151462e3
2017-05-07,1945830145.24,106631,894295e4,97.87,29880.15625,183295e3
2017-05-08,1826103302.1,117509,856906e4,93.75,29425.9375,231344e3
2017-05-09,1780786431.93,112933,834149e4,91.23,29755,363434e3
2017-05-10,1700627020.51,109673,833718e4,91.15,29614.84375,145602e3
2017-05-11,2050771951.27,117189,821357e4,89.77,29734.53125,132722e3
2017-05-12,1620912377.65,107241,818493e4,89.43,29889.6875,145825e3
2017-05-13,1189460996.81,101332,812039e4,88.69,29253.28125,88742200
2017-05-14,1139729044.63,101348,832238e4,90.87,28217.5,66046600
2017-05-15,1540736491.18,122792,831693e4,90.78,28462.34375,170999e3
2017-05-16,2009373410.76,116341,846647e4,92.39,28717.96875,152285e3
2017-05-17,1271946650.24,140135,818152e4,89.25,27898.90625,183031e3
2017-05-18,850407092.666,137409,823811e4,89.84,28480.78125,196237e3
2017-05-19,1462558145.03,161568,890224e4,97.05,28381.25,626945e3
2017-05-20,1249943444.3,130912,118566e5,129.22,28652.03125,331455e3
2017-05-21,1640417575.45,149699,117057e5,127.54,28654.0625,570361e3
2017-05-22,4153832661.7,176255,145221e5,158.17,28769.21875,118891e4
2017-05-23,2761845745.88,187121,15688e6,170.82,28576.09375,530709e3
2017-05-24,2852982715.01,187293,167797e5,182.65,28640.625,561014e3
2017-05-25,2773193627.59,183010,174466e5,189.85,28838.90625,943637e3
2017-05-26,2888512639.37,169818,16107e6,175.22,28963.75,792458e3
2017-05-27,1926733372.66,149450,14696e6,159.82,28775.46875,121706e4
2017-05-28,1572111401.64,155271,146086e5,158.82,28823.28125,717971e3
2017-05-29,1775215113.84,158547,156546e5,170.13,29537.34375,718828e3
2017-05-30,2344180195.85,193618,180047e5,195.61,29819.375,158667e4
2017-05-31,5334480081.84,214126,213219e5,231.58,28748.4375,12716e5
2017-06-01,3827793740.86,199160,212648e5,230.89,28069.375,812924e3
2017-06-02,3624493014.84,194911,20479e6,222.29,26820.625,469532e3
2017-06-03,3452075427.58,175666,205935e5,223.46,27526.40625,427896e3
2017-06-04,3094206585.76,180136,206598e5,224.12,27232.5,75382e4
2017-06-05,4190970648.94,190305,226158e5,245.26,27789.84375,43566e4
2017-06-06,5051944073.87,200523,229304e5,248.6,27483.75,741553e3
2017-06-07,4737149883.44,207180,243822e5,264.26,27770.78125,461649e3
2017-06-08,4002545144.35,187700,238109e5,257.99,27631.25,385494e3
2017-06-09,4199030482.05,215831,24165e6,261.75,27650,557986e3
2017-06-10,3164855223.69,213356,260437e5,282.01,28158.75,161163e4
2017-06-11,4126003064.22,240490,312968e5,338.79,27926.71875,137322e4
2017-06-12,8932913048.1,292941,315253e5,341.16,28100.625,288265e4
2017-06-13,8470010666.68,280054,365745e5,395.69,28276.09375,171738e4
2017-06-14,5295997090.59,250410,367616e5,397.59,28268.75,127258e4
2017-06-15,7443473610.04,261617,331582e5,358.51,28198.75,246345e4
2017-06-16,6595935569.98,248003,334158e5,361.18,28370.9375,109628e4
2017-06-17,3794656857.45,242022,342313e5,369.88,28299.0625,904653e3
2017-06-18,3598216410.43,245957,351338e5,379.52,28587.5,904703e3
2017-06-19,4125540790.19,286209,344357e5,371.86,28632.96875,685172e3
2017-06-20,5367563473.7,308488,34304e6,370.33,26705.625,102039e4
2017-06-21,2076016823.79,221289,333105e5,359.54,26154.53125,142013e4
2017-06-22,2849621313.33,284225,313026e5,337.73,26533.28125,925767e3
2017-06-23,3419819285.14,276012,311959e5,336.49,26102.5,593207e3
2017-06-24,3870766042.28,250570,316813e5,341.63,26495,673585e3
2017-06-25,1314270482.64,231135,300059e5,323.47,26383.125,118688e4
2017-06-26,3208389594.67,316788,281112e5,302.95,26699.0625,208181e4
2017-06-27,3183682746.04,252995,253097e5,272.69,26582.34375,197387e4
2017-06-28,3091658712.42,274241,27207e6,293.04,26639.53125,205655e4
2017-06-29,3667053416.72,263791,304953e5,328.37,27012.03125,150858e4
2017-06-30,3020019052.54,252652,281619e5,303.15,26856.25,10118e5
2017-07-01,2651211000.34,240465,272594e5,293.35,26680,10892e5
2017-07-02,1947721479.12,248617,255728e5,275.12,26715.46875,112333e4
2017-07-03,7120030257.36,302032,268159e5,288.41,27131.25,851408e3
2017-07-04,5685360605.18,281465,26245e6,282.19,27365.78125,687691e3
2017-07-05,1925007696.18,271606,254069e5,273.1,26760.3125,790256e3
2017-07-06,2240852831.23,258791,250195e5,268.86,26926.5625,62308e4
2017-07-07,2465062392.58,295389,251608e5,270.35,27287.96875,687252e3
2017-07-08,1843190983.34,248142,228907e5,245.89,27063.28125,754958e3
2017-07-09,864431457.443,225189,234547e5,251.82,26943.90625,505118e3
2017-07-10,2594937369.9,302633,226405e5,243.01,24433.59375,937219e3
2017-07-11,2719196267.56,291677,197123e5,211.53,23968.125,144095e4
2017-07-12,2534189904.03,283828,183776e5,197.15,23934.21875,124119e4
2017-07-13,5026071377.19,260745,216139e5,231.81,23775.3125,828489e3
2017-07-14,5258179025.69,249381,195413e5,209.53,23771.25,749382e3
2017-07-15,4899537171.77,231961,186302e5,199.71,24148.59375,810452e3
2017-07-16,4336097650.01,249138,158231e5,169.57,24009.6875,151689e4
2017-07-17,3668699432.51,248473,149327e5,159.99,23518.28125,16695e5
2017-07-18,5173232918.99,271055,182074e5,195.03,23954.0625,270926e4
2017-07-19,5483173778.46,270122,219393e5,234.94,24483.59375,232879e4
2017-07-20,4229908928.96,250065,191878e5,205.42,24492.8125,2225e6
2017-07-21,4749464604.95,232560,211211e5,226.06,23842.1875,100613e4
2017-07-22,996352515.009,205574,203601e5,217.86,24307.34375,61826e4
2017-07-23,1591890879.91,260490,214183e5,229.12,24483.28125,649615e3
2017-07-24,4728036482.09,263095,211585e5,226.28,24058.90625,431691e3
2017-07-25,5196157895.75,242956,209852e5,224.37,24692.65625,109576e4
2017-07-26,3923992162.59,223010,193734e5,207.09,24511.875,717692e3
2017-07-27,4316489393.13,225435,191698e5,204.86,24355.78125,393283e3
2017-07-28,4994326412.83,246494,191251e5,204.32,24685.15625,562571e3
2017-07-29,4281442724.13,198773,181018e5,193.34,24492.5,824355e3
2017-07-30,2938243748.76,206624,193609e5,206.74,24717.65625,596234e3
2017-07-31,1726574081.57,250090,18492e6,197.41,24058.59375,569414e3
2017-08-01,1953287568.94,218582,191791e5,204.69,21416.71875,158533e4
2017-08-02,2033540566.89,231068,212752e5,227.01,21139.0625,632606e3
2017-08-03,1667162747.61,236335,206401e5,220.18,20963.28125,557217e3
2017-08-04,1756245424.77,257160,211256e5,225.31,21304.375,539783e3
2017-08-05,2031299175.85,261400,209e8,222.85,21191.5625,1333e6
2017-08-06,2221377599.68,265127,240535e5,256.42,21265.625,148298e4
2017-08-07,2556258801.59,281172,24511e6,261.24,21621.5625,935727e3
2017-08-08,2946699830.55,318866,252546e5,269.1,21635.3125,150241e4
2017-08-09,3306101502.26,280308,279387e5,297.63,21725,263858e4
2017-08-10,6885415466.05,338241,278822e5,296.96,21468.125,107682e4
2017-08-11,13692992301.2,356682,27657e6,294.5,21902.03125,953576e3
2017-08-12,8551607853.54,338654,289987e5,308.71,21917.1875,111165e4
2017-08-13,9431349788.6,333011,291611e5,310.37,22038.4375,136937e4
2017-08-14,7208407576.61,410061,280087e5,298.03,22038.125,864391e3
2017-08-15,5799675944.37,413246,281958e5,299.95,22220.625,10518e5
2017-08-16,4467827879.09,413624,272497e5,289.82,22569.53125,967643e3
2017-08-17,4588442185.51,428007,284775e5,302.81,22532.96875,909494e3
2017-08-18,4722283897.48,443356,283802e5,301.7,22310.46875,93616e4
2017-08-19,3481398172.74,377418,278679e5,296.18,22564.375,860202e3
2017-08-20,2992385182.83,309926,279181e5,296.64,22132.5,571947e3
2017-08-21,3731219233.63,392880,282855e5,300.48,22745.78125,244897e4
2017-08-22,3644640089.76,364727,302299e5,321.06,22519.53125,13364e5
2017-08-23,4107817491.68,374711,296919e5,315.27,22613.125,81199e4
2017-08-24,3764084612.9,352465,299046e5,317.45,22528.59375,697665e3
2017-08-25,3371797934.05,352621,307279e5,326.11,18823.90625,760329e3
2017-08-26,1777614886.81,306268,312883e5,331.99,18562.65625,514181e3
2017-08-27,6542452755.36,324173,315175e5,334.36,18638.59375,63337e4
2017-08-28,9831255971.92,363799,330027e5,350.04,18425.46875,854319e3
2017-08-29,7302418568.4,394649,328132e5,347.96,19080.15625,122003e4
2017-08-30,13165699322.3,400220,348484e5,369.47,18943.90625,133332e4
2017-08-31,6254545890.8,384421,357015e5,378.44,18762.34375,706254e3
2017-09-01,5944411169.81,390997,361829e5,383.47,18833.125,874222e3
2017-09-02,5304865015.81,331797,366012e5,387.82,18848.125,14836e5
2017-09-03,3697079351.72,302525,330598e5,350.23,18642.03125,986266e3
2017-09-04,5621572951.36,442592,32774e6,347.13,18921.09375,180169e4
2017-09-05,4689077636.23,444572,281e8,297.57,19101.25,155105e4
2017-09-06,5065506415.67,496376,296391e5,313.8,18888.28125,105883e4
2017-09-07,3808169717.51,448347,315075e5,333.52,19128.90625,718624e3
2017-09-08,4343812091.23,463670,311472e5,329.64,19267.1875,109878e4
2017-09-09,5821196350.1,383654,279905e5,296.17,19039.53125,528621e3
2017-09-10,4986303745.89,325128,277972e5,294.06,18988.75,698326e3
2017-09-11,4312955057.39,365384,273944e5,289.75,18846.09375,571307e3
2017-09-12,4443114198.85,404898,278618e5,294.63,19312.5,753144e3
2017-09-13,2807614783.21,365679,275357e5,291.12,18898.28125,921692e3
2017-09-14,4105894163.36,380251,261661e5,276.59,19289.6875,118459e4
2017-09-15,3796880669.53,441767,203649e5,215.22,19536.40625,19357e5
2017-09-16,2493305632.62,373764,237426e5,250.87,19337.96875,711737e3
2017-09-17,2912424551.23,289517,232725e5,245.85,19219.53125,427452e3
2017-09-18,4629753802.35,362764,238812e5,252.23,19067.5,112775e4
2017-09-19,4319492058.41,337752,278093e5,293.66,19372.96875,646909e3
2017-09-20,2693911162.85,324984,267124e5,282.01,19178.28125,421404e3
2017-09-21,2613451513.78,317074,26836e6,283.26,19340.15625,601266e3
2017-09-22,2159946896.13,271470,244584e5,258.11,15743.59375,430081e3
2017-09-23,1968928353.32,260107,250771e5,264.6,15005.78125,450934e3
2017-09-24,1868893355.78,280929,271299e5,286.21,15461.40625,571411e3
2017-09-25,2334189304.4,306614,267555e5,282.22,14874.375,483161e3
2017-09-26,2490822611.2,306075,2772e7,292.35,15206.875,345801e3
2017-09-27,2588746294.22,309047,272194e5,287.02,15411.09375,550244e3
2017-09-28,2941638055.24,329208,290687e5,306.47,14997.96875,501894e3
2017-09-29,2443352700.85,326502,283759e5,299.12,14852.5,541375e3
2017-09-30,1862208192.49,295798,276552e5,291.48,14931.40625,332439e3
2017-10-01,1350950682.98,283871,286152e5,301.55,15132.65625,306185e3
2017-10-02,2125186204.86,306095,287085e5,302.48,15089.21875,339443e3
2017-10-03,6685267347.99,327906,282385e5,297.48,15178.4375,32168e4
2017-10-04,4371841118.53,307399,277941e5,292.75,15318.4375,257906e3
2017-10-05,2747032793.32,314808,278004e5,292.77,15477.03125,253747e3
2017-10-06,2770650407.04,319882,280311e5,295.15,15024.0625,318664e3
2017-10-07,2309127079.63,291091,293404e5,308.89,15015.15625,342205e3
2017-10-08,2637953945.54,296829,295509e5,311.06,15199.53125,293167e3
2017-10-09,3177262796.51,328172,293283e5,308.67,15208.75,559467e3
2017-10-10,3286527416.43,349605,282814e5,297.6,15484.375,359706e3
2017-10-11,2956303322.94,344305,286263e5,301.18,15499.84375,264146e3
2017-10-12,3300426863.97,363411,288512e5,303.5,15391.5625,527557e3
2017-10-13,4222418900.5,379136,289111e5,304.08,15433.4375,130436e4
2017-10-14,3393618845.26,332169,322224e5,338.85,15321.5625,516562e3
2017-10-15,3123434377.39,328921,322921e5,339.53,15577.03125,635407e3
2017-10-16,2494934637.25,408297,320292e5,336.71,16172.6875,692885e3
2017-10-17,3700181684.6,505611,317277e5,333.48,20145,509924e3
2017-10-18,4628429625,470449,301605e5,316.94,20379.65625,606114e3
2017-10-19,3890415029.61,494184,299379e5,314.54,20423.53125,34983e4
2017-10-20,3502482973.18,546837,293263e5,308.05,20477.625,396673e3
2017-10-21,3168565589.52,462902,289066e5,303.57,20143.21875,408014e3
2017-10-22,2782950182.9,435493,286248e5,300.55,20382,327387e3
2017-10-23,3777859247.52,468168,281114e5,295.1,20472.65625,482336e3
2017-10-24,3602026506.06,492288,273575e5,287.12,20529.46875,684281e3
2017-10-25,3035981622.92,460419,28442e6,298.44,20218.21875,32504e4
2017-10-26,2901086497.05,466406,284084e5,298.02,20195.90625,270273e3
2017-10-27,3055475556.18,486147,282701e5,296.51,20473.5,257169e3
2017-10-28,3749343461.64,484554,284104e5,297.92,20442.75,264424e3
2017-10-29,3404873116.05,494176,282702e5,296.38,20291.4375,551752e3
2017-10-30,3299789119.93,532626,290776e5,304.78,20098.59375,331442e3
2017-10-31,3528705605.61,519906,293315e5,307.38,20634.1875,369583e3
2017-11-01,4279743867.97,527783,291836e5,305.76,20230.59375,553864e3
2017-11-02,4567552426.8,529277,277542e5,290.73,20296.78125,904901e3
2017-11-03,3587673237.88,485790,275474e5,288.5,20309.4375,64634e4
2017-11-04,2581303181.99,398758,291753e5,305.48,20188.3125,416479e3
2017-11-05,2382595125.52,417102,286615e5,300.04,20590.21875,337658e3
2017-11-06,2859062422.61,511663,283227e5,296.43,20241.375,579359e3
2017-11-07,2382672547.91,470418,285333e5,298.57,20413.40625,540766e3
2017-11-08,3332952471.44,480413,281287e5,294.27,20254.78125,967956e3
2017-11-09,5692660276.41,467172,29509e6,308.64,20310.46875,89325e4
2017-11-10,4340876231.91,457427,306652e5,320.67,20526.84375,885986e3
2017-11-11,3742841707.65,394378,285594e5,298.59,20419.78125,842301e3
2017-11-12,5417028644.05,434380,301062e5,314.69,20211.84375,161348e4
2017-11-13,3446115272.61,443176,29379e6,307.02,20421.1875,104189e4
2017-11-14,3461787052.59,475984,303173e5,316.76,20048.15625,106968e4
2017-11-15,5629790046.56,540593,323532e5,337.96,20495.4375,722666e3
2017-11-16,5109022882.77,491482,319273e5,333.44,20221.40625,797254e3
2017-11-17,5114077754.84,508590,316203e5,330.17,20365.125,621733e3
2017-11-18,4245710878.66,459679,318007e5,331.98,20331.9375,649639e3
2017-11-19,4406185704.83,464563,332849e5,347.4,20422.78125,118153e4
2017-11-20,5953113766.78,530141,339334e5,354.09,20408.34375,807027e3
2017-11-21,6024665712.83,524044,352202e5,367.44,20394,949912e3
2017-11-22,6004831721.91,546489,34544e6,360.31,20502.5625,800819e3
2017-11-23,6160184870.88,537068,365773e5,381.44,20347.03125,184568e4
2017-11-24,5687458348.2,525529,395643e5,412.5,20415.375,229283e4
2017-11-25,7680078210.97,561166,456334e5,475.68,20310.5625,142208e4
2017-11-26,7290307626.41,542484,447121e5,465.97,20365.3125,119778e4
2017-11-27,9313230384.76,608695,45255e6,471.53,20271.75,139648e4
2017-11-28,11645595659.5,638989,461272e5,480.52,20309.625,13465e5
2017-11-29,13054368875.8,663579,454421e5,473.28,20425.03125,267594e4
2017-11-30,11123753774.9,655457,414119e5,431.21,20416.125,190304e4
2017-12-01,9482816279.52,622720,42765e6,445.21,20476.6875,124788e4
2017-12-02,10504979639.4,627785,448533e5,466.85,20205.1875,94365e4
2017-12-03,9830823277.21,693808,445605e5,463.7,20336.53125,990557e3
2017-12-04,9599037277.59,701834,447957e5,466.05,20426.34375,100555e4
2017-12-05,4629259517.77,693090,452128e5,470.29,20636.4375,121672e4
2017-12-06,6585095496.46,791746,444831e5,462.6,20640.84375,199826e4
2017-12-07,4644067247.78,659068,410076e5,426.37,20908.875,212957e4
2017-12-08,3926550666.5,766411,418458e5,434.99,20430.84375,233638e4
2017-12-09,3016931243.55,707223,440056e5,457.34,20566.125,200385e4
2017-12-10,3014983219.85,716575,455014e5,472.79,20392.3125,140418e4
2017-12-11,2888817844.35,828899,423893e5,440.36,20329.5,177144e4
2017-12-12,6790734048.56,872340,502864e5,522.29,20569.40625,517983e4
2017-12-13,6878355648.75,909631,621056e5,644.91,20608.21875,452454e4
2017-12-14,8546375983.66,942559,674829e5,700.59,20787.65625,382158e4
2017-12-15,7038718838.14,904346,670909e5,696.38,20829.84375,275871e4
2017-12-16,5698556827.44,899857,661242e5,686.19,20382.375,216569e4
2017-12-17,5619825552.76,876574,671064e5,696.24,20346.9375,214739e4
2017-12-18,6265539681.04,984021,695784e5,721.73,20561.71875,324923e4
2017-12-19,8953367688.68,1092234,765522e5,793.9,20631.375,409655e4
2017-12-20,10787319533.3,986104,798106e5,827.52,20631.375,396994e4
2017-12-21,10869093024.9,1072665,791253e5,820.24,20414.8125,356906e4
2017-12-22,11834908290.8,1103523,793744e5,822.64,20571.28125,497771e4
2017-12-23,6485777933.76,918881,657521e5,681.32,20835.28125,248034e4
2017-12-24,5365151225.05,758234,696712e5,721.77,20504.15625,230055e4
2017-12-25,4380048429.32,752361,674751e5,698.87,20446.875,249176e4
2017-12-26,6763153531.73,813510,737178e5,763.37,20383.6875,220116e4
2017-12-27,7865086383.16,912752,748541e5,774.97,20533.125,210003e4
2017-12-28,9632919662.19,949503,736371e5,762.21,20434.125,238915e4
2017-12-29,10883827031.5,1090191,715443e5,740.39,20461.21875,264897e4
2017-12-30,12309976247.7,1136659,728569e5,753.82,20547.46875,318778e4
2017-12-31,6448929793.57,946981,688508e5,712.21,20454.75,255427e4
2018-01-01,6237383003.5,908945,730758e5,755.76,20623.96875,259576e4
2018-01-02,10807957386.8,1153936,746957e5,772.35,20561.0625,578335e4
2018-01-03,12393184008.2,1238030,857035e5,886,20599.21875,509316e4
2018-01-04,19471098884.8,1349890,930494e5,961.71,20963.25,650286e4
2018-01-05,18083099228,1271577,944239e5,975.75,20917.5,668315e4
2018-01-06,15341970465.5,1226417,963265e5,995.15,20948.90625,466222e4
2018-01-07,12825937015.1,1152722,100981e6,1043.01,21180.1875,556988e4
2018-01-08,17551600313.3,1215473,112164e6,1158.26,20603.4375,845097e4
2018-01-09,18481672679.7,1256240,110999e6,1146,20735.8125,796546e4
2018-01-10,22594117877.9,1177685,125976e6,1300.34,21081.9375,921495e4
2018-01-11,20036882281.2,1173965,122879e6,1268.09,21031.40625,72359e5
2018-01-12,14500776314.4,1118757,112263e6,1158.29,20917.125,52223e5
2018-01-13,12163842611.9,1179321,123163e6,1270.47,20679.09375,574676e4
2018-01-14,34772491598.7,1081593,135503e6,1397.48,21025.875,484163e4
2018-01-15,16006341544.8,1206420,132404e6,1365.21,20413.875,47811e5
2018-01-16,19751150383.7,1277936,125389e6,1292.63,20887.59375,840514e4
2018-01-17,16995470507,1277083,102974e6,1061.34,20843.25,854516e4
2018-01-18,14016567259.9,1205184,986421e5,1016.44,20549.0625,593832e4
2018-01-19,9405274223.39,1043257,998639e5,1028.82,20638.6875,408445e4
2018-01-20,8161104133.64,984489,101451e6,1044.95,20760.9375,397519e4
2018-01-21,8620990344.56,1006530,112226e6,1155.68,20274.65625,337809e4
2018-01-22,9436835033.35,972911,102504e6,1055.35,20564.625,38101e5
2018-01-23,8648758338.42,928494,975543e5,1004.17,20488.3125,35567e5
2018-01-24,8507204808.98,913668,959527e5,987.48,20575.40625,394404e4
2018-01-25,4363645979.46,788515,103335e6,1063.22,20337.5625,405019e4
2018-01-26,10486316062.5,953429,102334e6,1052.7,20401.03125,361769e4
2018-01-27,6785462058.21,831992,102651e6,1055.75,20423.0625,300287e4
2018-01-28,8142963937.46,889104,108122e6,1111.78,20563.3125,537233e4
2018-01-29,9938016882.82,936845,121269e6,1246.7,20556.75,371508e4
2018-01-30,10066164616.3,906578,115207e6,1184.13,20304.9375,410786e4
2018-01-31,8807713606.45,877284,104231e6,1071.09,20533.875,375756e4
2018-02-01,9281152795.89,1008759,108952e6,1119.37,20546.625,526168e4
2018-02-02,11525863619.9,981133,100836e6,1035.77,20638.96875,671329e4
2018-02-03,5731240776.16,814486,895076e5,919.21,20321.71875,324348e4
2018-02-04,4901708976.79,800876,939534e5,964.67,20315.4375,299709e4
2018-02-05,6017923283.99,875761,813374e5,834.96,20633.8125,426953e4
2018-02-06,6306822927.97,888219,689587e5,707.74,20381.625,651827e4
2018-02-07,5559680835.81,818625,77032e6,790.43,20433.75,389618e4
2018-02-08,2760098148.37,681344,736769e5,755.84,20382.09375,370819e4
2018-02-09,4217831832.95,789807,797993e5,818.48,20271.75,249582e4
2018-02-10,5103971204.9,848390,860556e5,882.47,20690.34375,293053e4
2018-02-11,3435390406.05,773496,83813e6,859.29,20119.40625,248665e4
2018-02-12,3809068383.99,829020,797544e5,817.51,20490.84375,224345e4
2018-02-13,5603860692.56,745822,848242e5,869.29,20444.4375,208117e4
2018-02-14,4132727550.27,746384,824006e5,844.28,20052.5625,281837e4
2018-02-15,5083084029.26,777318,901733e5,923.73,20603.53125,29001e5
2018-02-16,4069546921.54,704758,912721e5,934.79,20377.125,236945e4
2018-02-17,3960978389.37,772079,92264e6,944.75,20548.5,252572e4
2018-02-18,4050398618.96,756092,950771e5,973.35,20346.09375,256729e4
2018-02-19,3515123303.56,811384,900477e5,921.67,20427.375,216902e4
2018-02-20,4203523591.4,886897,922065e5,943.57,20407.3125,254526e4
2018-02-21,3894221425.32,850504,873942e5,894.13,20670.5625,253173e4
2018-02-22,4813951400.83,761893,830258e5,849.26,20403.09375,215037e4
2018-02-23,2561777240.19,733084,793589e5,811.59,20661,233482e4
2018-02-24,2506233624.36,732861,842667e5,861.59,20482.125,192658e4
2018-02-25,1579475870.47,690582,821191e5,839.46,20219.15625,164696e4
2018-02-26,2084869097.09,737453,827054e5,845.28,20335.3125,204448e4
2018-02-27,1350335476.37,694583,851778e5,870.37,20412.75,205398e4
2018-02-28,1378874635.75,720368,859364e5,877.93,20569.125,196398e4
2018-03-01,1459478132.52,684404,838082e5,856.01,20387.15625,186852e4
2018-03-02,1359727189.99,744666,853681e5,871.76,20674.96875,189442e4
2018-03-03,893087799.459,673465,839117e5,856.71,20435.8125,169937e4
2018-03-04,923336640.166,643241,838778e5,856.19,20220.28125,169794e4
2018-03-05,1371697962.42,752756,849397e5,866.85,20317.5,189849e4
2018-03-06,1671353896.64,712591,836804e5,853.82,20446.03125,194307e4
2018-03-07,1624823061.33,783757,800173e5,816.27,20616.9375,217542e4
2018-03-08,1262863624.97,690139,737884e5,752.57,20299.59375,189164e4
2018-03-09,1277175293.11,650058,688636e5,702.2,20375.0625,223302e4
2018-03-10,834738473.236,591377,716207e5,730.16,20461.03125,153296e4
2018-03-11,746910932.681,608899,672357e5,685.31,20532.5625,156268e4
2018-03-12,1085039653.8,677908,71086e6,724.41,20360.4375,1765e6
2018-03-13,1906177176.82,699093,68524e6,698.15,20381.625,142596e4
2018-03-14,1335574282.87,671198,678576e5,691.22,20410.03125,181056e4
2018-03-15,1157300355.45,654531,603718e5,614.84,20495.8125,177046e4
2018-03-16,849066668.83,654584,600837e5,611.78,20533.40625,141735e4
2018-03-17,743086951.782,593203,591042e5,601.68,20413.875,126781e4
2018-03-18,1579813250.77,684094,542001e5,551.64,20333.0625,26855e5
2018-03-19,1274552362.79,703891,537186e5,546.63,20309.90625,204679e4
2018-03-20,1064969517.24,661791,547221e5,556.72,20410.3125,183368e4
2018-03-21,995717188.857,697872,549673e5,559.1,20292.28125,178127e4
2018-03-22,870526034.101,619453,552738e5,562.1,20487.28125,152346e4
2018-03-23,1092264244.13,677103,530981e5,539.86,20233.6875,159635e4
2018-03-24,650781464.96,613203,533754e5,542.57,20524.6875,130001e4
2018-03-25,518515435.495,526372,514316e5,522.7,20330.0625,115117e4
2018-03-26,1024230594.67,626615,51598e6,524.29,20432.53125,163888e4
2018-03-27,1217102895.76,584055,481933e5,489.59,20267.90625,161794e4
2018-03-28,1109046177.73,579858,44334e6,450.29,20353.3125,151418e4
2018-03-29,1154593248.5,583673,44125e6,448.07,20402.0625,197023e4
2018-03-30,898071135.184,633616,380106e5,385.9,20493.375,187813e4
2018-03-31,594537434.198,584396,389149e5,395,20460.84375,132392e4
2018-04-01,504109164.704,545141,391447e5,397.25,20205,125693e4
2018-04-02,547063887.884,598505,374225e5,379.7,20465.25,110226e4
2018-04-03,649007080.669,645977,381808e5,387.31,20389.59375,13634e5
2018-04-04,654679158.97,628441,410651e5,416.49,20299.6875,128773e4
2018-04-05,492727397.426,695871,374702e5,379.95,20599.40625,121068e4
2018-04-06,504449504.684,647981,377526e5,382.73,20433,967106e3
2018-04-07,326594701.73,535865,365419e5,370.38,20253,951475e3
2018-04-08,481528712.706,595733,380654e5,385.74,20358.09375,948488e3
2018-04-09,624660030.311,609799,395651e5,400.86,20296.875,147839e4
2018-04-10,505972639.974,571388,394304e5,399.41,20532.46875,1196e6
2018-04-11,616128003.563,609102,409802e5,415.02,20239.03125,143904e4
2018-04-12,974513723.524,692606,424836e5,430.16,20198.71875,251936e4
2018-04-13,1096999015.14,730344,487154e5,493.16,20633.15625,241925e4
2018-04-14,477103851.8,611188,486684e5,492.58,20386.40625,151908e4
2018-04-15,588999514.148,619985,496963e5,502.88,20396.8125,172609e4
2018-04-16,743960041.701,664402,525922e5,532.07,20585.34375,175898e4
2018-04-17,740377147.797,742823,50534e6,511.14,20386.125,176036e4
2018-04-18,880596052.76,703293,497696e5,503.31,20251.5,176294e4
2018-04-19,951186737.564,814318,518299e5,524.04,20658.65625,225687e4
2018-04-20,1236716885.58,832220,561887e5,567.99,20352.75,284947e4
2018-04-21,1046846762.7,746104,609511e5,616,20539.59375,261246e4
2018-04-22,764326984.774,748858,599855e5,606.12,20450.625,242627e4
2018-04-23,1921610851.5,802870,614906e5,621.2,20478.75,238683e4
2018-04-24,1749531645.48,816357,637012e5,643.4,20370.75,358186e4
2018-04-25,1784477115.57,799014,700189e5,707.06,20586.375,421614e4
2018-04-26,1253457172.25,793873,612197e5,618.08,20802.65625,298401e4
2018-04-27,1393767286.82,764479,655946e5,662.11,20369.90625,259813e4
2018-04-28,1158387523.42,775321,638777e5,644.65,20268,249666e4
2018-04-29,1136068851.23,756651,677824e5,683.91,20730.75,274056e4
2018-04-30,1389232959.56,778133,683764e5,689.76,20547.84375,28531e5
2018-05-01,1263562590.81,713839,664772e5,670.46,20449.21875,267896e4
2018-05-02,1800821835.2,787722,668491e5,674.08,20866.03125,282227e4
2018-05-03,1970489267.1,839586,681046e5,686.59,20616.09375,421094e4
2018-05-04,2009753370.11,1000526,770662e5,776.77,20592.5625,353341e4
2018-05-05,1363185531.13,789261,77857e6,784.58,20715.28125,303504e4
2018-05-06,1246618282.08,691273,810002e5,816.09,20624.34375,310557e4
2018-05-07,2345873895.51,789863,787587e5,793.34,20720.8125,431612e4
2018-05-08,1597145114.68,820098,749692e5,755.01,20376.1875,292049e4
2018-05-09,1680722210.66,831127,747753e5,752.9,20529.375,287787e4
2018-05-10,1617406476.94,854827,747587e5,752.58,20462.90625,274895e4
2018-05-11,1598711976.12,826099,722338e5,727.01,20663.90625,329008e4
2018-05-12,1091965939.27,788487,675646e5,679.88,20610.9375,266848e4
2018-05-13,815249630.43,762439,68304e6,687.17,20442.5625,23625e5
2018-05-14,1592058863.01,801788,728475e5,732.73,20394.46875,300511e4
2018-05-15,1444108323.48,779210,727043e5,731.14,20565.375,252307e4
2018-05-16,1197764306.55,807257,704262e5,708.09,20434.96875,247613e4
2018-05-17,1210815991.16,835761,705034e5,708.72,20649.65625,235062e4
2018-05-18,1117440190.6,831831,668747e5,672.1,20695.59375,230574e4
2018-05-19,844111653.206,843948,691746e5,695.07,20633.625,202155e4
